pais;receita
"Alemanha";22556787.136428256
"Singapura";15077203.468053395
"Quênia";15014060.28925655
"Japão";14840846.247551888
"Austrália";14837025.796678783
"Nepal";7561092.823870301
"Indonésia";7528841.999386329
"Argentina";7528416.9050005125
"Malásia";7507661.171191039
"Canadá";7491094.649510802
"República Democrática do Congo";7475581.004741057
"África do Sul";7420853.901592392
"Senegal";7412054.329340048
"Brasil";7367856.71827397
